﻿<?xml version="1.0" encoding="utf-8"?>
<?xml-stylesheet type="text/xsl" href="file:///C:/PROGRAM FILES (X86)/MICROSOFT VISUAL STUDIO 14.0/COMMON7/IDE/EXTENSIONS/MICROSOFT/ARCHITECTURE TOOLS/EXTENSIBILITY/Logging/CodeGenLog.xslt"?>
<Log xmlns="http://schemas.microsoft.com/VisualStudio/2010/CodeGen.RE.Log" Label="Code Generation/Text Transformation Log">
  <MessageClass Name="Message" Label="Message" Option="Show informational messages" />
  <MessageClass Name="Warning" Label="Warning" Option="Show warnings" />
  <MessageClass Name="Error" Label="Error" Option="Show errors" />
  <MessageClass Name="Property" Label="Property" Option="Show metadata" />
  <MessageClass Name="Diagnostic" Label="Message" Option="Show diagnostic messages" />
  <Message Timestamp="2017-01-03T13:15:42" Importance="High" Text="Code generation or text transformation started." />
  <Message Timestamp="2017-01-03T13:15:42" Importance="Diagnostic" Text="Name = ClassTemplate" />
  <Message Timestamp="2017-01-03T13:15:42" Importance="Diagnostic" Text="Overwrite = True" />
  <Message Timestamp="2017-01-03T13:15:42" Importance="Diagnostic" Text="ProjectPath = ..\BarricaeModelLib\BarricaeModelLib.csproj" />
  <Message Timestamp="2017-01-03T13:15:42" Importance="Diagnostic" Text="TargetDirectory = GeneratedCode\{PackageStructure}" />
  <Message Timestamp="2017-01-03T13:15:42" Importance="Diagnostic" Text="TargetName = {Name}" />
  <Message Timestamp="2017-01-03T13:15:42" Importance="Diagnostic" Text="TemplateFilePath = C:\PROGRAM FILES (X86)\MICROSOFT VISUAL STUDIO 14.0\COMMON7\IDE\EXTENSIONS\MICROSOFT\ARCHITECTURE TOOLS\EXTENSIBILITY\Templates\Text\ClassTemplate.t4" />
  <Message Timestamp="2017-01-03T13:15:42" Importance="Diagnostic" Text="ResolvedTemplateFilePath = C:\PROGRAM FILES (X86)\MICROSOFT VISUAL STUDIO 14.0\COMMON7\IDE\EXTENSIONS\MICROSOFT\ARCHITECTURE TOOLS\EXTENSIBILITY\Templates\Text\ClassTemplate.t4" />
  <Message Timestamp="2017-01-03T13:15:42" Importance="Medium" Text="BarricaeModel's Text Template Binding: 'ClassTemplate' will apply ClassTemplate.t4 to: 'BarricaeModel::Board' -  (Class), 'BarricaeModel::ForestField' -  (Class), 'BarricaeModel::Pawn' -  (Class), 'BarricaeModel::Field' -  (Class), 'BarricaeModel::RestField' -  (Class), 'BarricaeModel::Game' -  (Class), 'BarricaeModel::Player' -  (Class), 'BarricaeModel::BarricadeField' -  (Class), 'BarricaeModel::StartField' -  (Class), 'BarricaeModel::Dice' -  (Class), 'BarricaeModel::FinishField' -  (Class), 'BarricaeModel::Barricade' -  (Class) " />
  <Message Timestamp="2017-01-03T13:15:57" Importance="Medium" Text="'BarricaeModel::Board' -  (Class) : success (file created) - C:\Users\Marijn\Documents\Barricade\Barricade\BarricaeModelLib\GeneratedCode\Board.cs" />
  <Message Timestamp="2017-01-03T13:15:57" Importance="Medium" Text="'BarricaeModel::ForestField' -  (Class) : success (file created) - C:\Users\Marijn\Documents\Barricade\Barricade\BarricaeModelLib\GeneratedCode\ForestField.cs" />
  <Message Timestamp="2017-01-03T13:15:57" Importance="Medium" Text="'BarricaeModel::Pawn' -  (Class) : success (file created) - C:\Users\Marijn\Documents\Barricade\Barricade\BarricaeModelLib\GeneratedCode\Pawn.cs" />
  <Message Timestamp="2017-01-03T13:15:57" Importance="Medium" Text="'BarricaeModel::Field' -  (Class) : success (file created) - C:\Users\Marijn\Documents\Barricade\Barricade\BarricaeModelLib\GeneratedCode\Field.cs" />
  <Message Timestamp="2017-01-03T13:15:58" Importance="Medium" Text="'BarricaeModel::RestField' -  (Class) : success (file created) - C:\Users\Marijn\Documents\Barricade\Barricade\BarricaeModelLib\GeneratedCode\RestField.cs" />
  <Message Timestamp="2017-01-03T13:15:58" Importance="Medium" Text="'BarricaeModel::Game' -  (Class) : success (file created) - C:\Users\Marijn\Documents\Barricade\Barricade\BarricaeModelLib\GeneratedCode\Game.cs" />
  <Message Timestamp="2017-01-03T13:15:58" Importance="Medium" Text="'BarricaeModel::Player' -  (Class) : success (file created) - C:\Users\Marijn\Documents\Barricade\Barricade\BarricaeModelLib\GeneratedCode\Player.cs" />
  <Message Timestamp="2017-01-03T13:15:58" Importance="Medium" Text="'BarricaeModel::BarricadeField' -  (Class) : success (file created) - C:\Users\Marijn\Documents\Barricade\Barricade\BarricaeModelLib\GeneratedCode\BarricadeField.cs" />
  <Message Timestamp="2017-01-03T13:15:59" Importance="Medium" Text="'BarricaeModel::StartField' -  (Class) : success (file created) - C:\Users\Marijn\Documents\Barricade\Barricade\BarricaeModelLib\GeneratedCode\StartField.cs" />
  <Message Timestamp="2017-01-03T13:15:59" Importance="Medium" Text="'BarricaeModel::Dice' -  (Class) : success (file created) - C:\Users\Marijn\Documents\Barricade\Barricade\BarricaeModelLib\GeneratedCode\Dice.cs" />
  <Message Timestamp="2017-01-03T13:15:59" Importance="Medium" Text="'BarricaeModel::FinishField' -  (Class) : success (file created) - C:\Users\Marijn\Documents\Barricade\Barricade\BarricaeModelLib\GeneratedCode\FinishField.cs" />
  <Message Timestamp="2017-01-03T13:15:59" Importance="Medium" Text="'BarricaeModel::Barricade' -  (Class) : success (file created) - C:\Users\Marijn\Documents\Barricade\Barricade\BarricaeModelLib\GeneratedCode\Barricade.cs" />
  <Message Timestamp="2017-01-03T13:15:59" Importance="Diagnostic" Text="Name = EnumTemplate" />
  <Message Timestamp="2017-01-03T13:15:59" Importance="Diagnostic" Text="Overwrite = True" />
  <Message Timestamp="2017-01-03T13:15:59" Importance="Diagnostic" Text="ProjectPath = ..\BarricaeModelLib\BarricaeModelLib.csproj" />
  <Message Timestamp="2017-01-03T13:15:59" Importance="Diagnostic" Text="TargetDirectory = GeneratedCode\{PackageStructure}" />
  <Message Timestamp="2017-01-03T13:15:59" Importance="Diagnostic" Text="TargetName = {Name}" />
  <Message Timestamp="2017-01-03T13:15:59" Importance="Diagnostic" Text="TemplateFilePath = C:\PROGRAM FILES (X86)\MICROSOFT VISUAL STUDIO 14.0\COMMON7\IDE\EXTENSIONS\MICROSOFT\ARCHITECTURE TOOLS\EXTENSIBILITY\Templates\Text\EnumTemplate.t4" />
  <Message Timestamp="2017-01-03T13:15:59" Importance="Diagnostic" Text="ResolvedTemplateFilePath = C:\PROGRAM FILES (X86)\MICROSOFT VISUAL STUDIO 14.0\COMMON7\IDE\EXTENSIONS\MICROSOFT\ARCHITECTURE TOOLS\EXTENSIBILITY\Templates\Text\EnumTemplate.t4" />
  <Message Timestamp="2017-01-03T13:15:59" Importance="Medium" Text="BarricaeModel's Text Template Binding: 'EnumTemplate' will apply EnumTemplate.t4 to: 'BarricaeModel::Color' -  (Enumeration) " />
  <Message Timestamp="2017-01-03T13:16:00" Importance="Medium" Text="'BarricaeModel::Color' -  (Enumeration) : success (file created) - C:\Users\Marijn\Documents\Barricade\Barricade\BarricaeModelLib\GeneratedCode\Color.cs" />
  <Message Timestamp="2017-01-03T13:16:00" Importance="Diagnostic" Text="Name = StructTemplate" />
  <Message Timestamp="2017-01-03T13:16:00" Importance="Diagnostic" Text="Overwrite = True" />
  <Message Timestamp="2017-01-03T13:16:00" Importance="Diagnostic" Text="ProjectPath = ..\BarricaeModelLib\BarricaeModelLib.csproj" />
  <Message Timestamp="2017-01-03T13:16:00" Importance="Diagnostic" Text="TargetDirectory = GeneratedCode\{PackageStructure}" />
  <Message Timestamp="2017-01-03T13:16:00" Importance="Diagnostic" Text="TargetName = {Name}" />
  <Message Timestamp="2017-01-03T13:16:00" Importance="Diagnostic" Text="TemplateFilePath = C:\PROGRAM FILES (X86)\MICROSOFT VISUAL STUDIO 14.0\COMMON7\IDE\EXTENSIONS\MICROSOFT\ARCHITECTURE TOOLS\EXTENSIBILITY\Templates\Text\StructTemplate.t4" />
  <Message Timestamp="2017-01-03T13:16:00" Importance="Diagnostic" Text="ResolvedTemplateFilePath = C:\PROGRAM FILES (X86)\MICROSOFT VISUAL STUDIO 14.0\COMMON7\IDE\EXTENSIONS\MICROSOFT\ARCHITECTURE TOOLS\EXTENSIBILITY\Templates\Text\StructTemplate.t4" />
  <Message Timestamp="2017-01-03T13:16:00" Importance="Medium" Text="BarricaeModel's Text Template Binding: 'StructTemplate' will apply StructTemplate.t4 to: 'BarricaeModel::Board' -  (Class), 'BarricaeModel::ForestField' -  (Class), 'BarricaeModel::Pawn' -  (Class), 'BarricaeModel::Field' -  (Class), 'BarricaeModel::RestField' -  (Class), 'BarricaeModel::Game' -  (Class), 'BarricaeModel::Player' -  (Class), 'BarricaeModel::BarricadeField' -  (Class), 'BarricaeModel::StartField' -  (Class), 'BarricaeModel::Dice' -  (Class), 'BarricaeModel::FinishField' -  (Class), 'BarricaeModel::Barricade' -  (Class) " />
  <Message Timestamp="2017-01-03T13:16:00" Importance="Diagnostic" Text="'BarricaeModel::Board' -  (Class): no file generated because the 'AppliesToElement' method of the template 'StructTemplate.t4' evaluated to false." />
  <Message Timestamp="2017-01-03T13:16:00" Importance="Diagnostic" Text="'BarricaeModel::ForestField' -  (Class): no file generated because the 'AppliesToElement' method of the template 'StructTemplate.t4' evaluated to false." />
  <Message Timestamp="2017-01-03T13:16:00" Importance="Diagnostic" Text="'BarricaeModel::Pawn' -  (Class): no file generated because the 'AppliesToElement' method of the template 'StructTemplate.t4' evaluated to false." />
  <Message Timestamp="2017-01-03T13:16:00" Importance="Diagnostic" Text="'BarricaeModel::Field' -  (Class): no file generated because the 'AppliesToElement' method of the template 'StructTemplate.t4' evaluated to false." />
  <Message Timestamp="2017-01-03T13:16:00" Importance="Diagnostic" Text="'BarricaeModel::RestField' -  (Class): no file generated because the 'AppliesToElement' method of the template 'StructTemplate.t4' evaluated to false." />
  <Message Timestamp="2017-01-03T13:16:00" Importance="Diagnostic" Text="'BarricaeModel::Game' -  (Class): no file generated because the 'AppliesToElement' method of the template 'StructTemplate.t4' evaluated to false." />
  <Message Timestamp="2017-01-03T13:16:00" Importance="Diagnostic" Text="'BarricaeModel::Player' -  (Class): no file generated because the 'AppliesToElement' method of the template 'StructTemplate.t4' evaluated to false." />
  <Message Timestamp="2017-01-03T13:16:00" Importance="Diagnostic" Text="'BarricaeModel::BarricadeField' -  (Class): no file generated because the 'AppliesToElement' method of the template 'StructTemplate.t4' evaluated to false." />
  <Message Timestamp="2017-01-03T13:16:00" Importance="Diagnostic" Text="'BarricaeModel::StartField' -  (Class): no file generated because the 'AppliesToElement' method of the template 'StructTemplate.t4' evaluated to false." />
  <Message Timestamp="2017-01-03T13:16:00" Importance="Diagnostic" Text="'BarricaeModel::Dice' -  (Class): no file generated because the 'AppliesToElement' method of the template 'StructTemplate.t4' evaluated to false." />
  <Message Timestamp="2017-01-03T13:16:00" Importance="Diagnostic" Text="'BarricaeModel::FinishField' -  (Class): no file generated because the 'AppliesToElement' method of the template 'StructTemplate.t4' evaluated to false." />
  <Message Timestamp="2017-01-03T13:16:00" Importance="Diagnostic" Text="'BarricaeModel::Barricade' -  (Class): no file generated because the 'AppliesToElement' method of the template 'StructTemplate.t4' evaluated to false." />
  <Message Timestamp="2017-01-03T13:16:00" Importance="Diagnostic" Text="The selection included 15 elements which were not bound to a template." />
  <Message Timestamp="2017-01-03T13:16:00" Importance="Diagnostic" Text="'BarricaeModel::' -  (Association): no bound template." />
  <Message Timestamp="2017-01-03T13:16:00" Importance="Diagnostic" Text="'6bceb437-d3e4-4246-8b04-22cbb766962b' -  (Generalization): no bound template." />
  <Message Timestamp="2017-01-03T13:16:00" Importance="Diagnostic" Text="'BarricaeModel::' -  (Association): no bound template." />
  <Message Timestamp="2017-01-03T13:16:00" Importance="Diagnostic" Text="'BarricaeModel::' -  (Association): no bound template." />
  <Message Timestamp="2017-01-03T13:16:00" Importance="Diagnostic" Text="'BarricaeModel::' -  (Association): no bound template." />
  <Message Timestamp="2017-01-03T13:16:00" Importance="Diagnostic" Text="'49c7f5d2-846d-439e-913c-1207cf8bb210' -  (Generalization): no bound template." />
  <Message Timestamp="2017-01-03T13:16:00" Importance="Diagnostic" Text="'BarricaeModel::' -  (Association): no bound template." />
  <Message Timestamp="2017-01-03T13:16:00" Importance="Diagnostic" Text="'949e16d8-0dc0-41fa-92a6-f687528e2fa8' -  (Generalization): no bound template." />
  <Message Timestamp="2017-01-03T13:16:00" Importance="Diagnostic" Text="'5eeae554-787e-46f8-aba9-d9dcc8ee497a' -  (Generalization): no bound template." />
  <Message Timestamp="2017-01-03T13:16:00" Importance="Diagnostic" Text="'7d5e9915-1057-4046-8c28-22c3fe3d2ea0' -  (Generalization): no bound template." />
  <Message Timestamp="2017-01-03T13:16:00" Importance="Diagnostic" Text="'BarricaeModel::' -  (Association): no bound template." />
  <Message Timestamp="2017-01-03T13:16:00" Importance="Diagnostic" Text="'BarricaeModel::' -  (Association): no bound template." />
  <Message Timestamp="2017-01-03T13:16:00" Importance="Diagnostic" Text="'BarricaeModel::' -  (Association): no bound template." />
  <Message Timestamp="2017-01-03T13:16:00" Importance="Diagnostic" Text="'BarricaeModel::' -  (Association): no bound template." />
  <Message Timestamp="2017-01-03T13:16:00" Importance="Diagnostic" Text="'BarricaeModel::' -  (Association): no bound template." />
  <Message Timestamp="2017-01-03T13:16:00" Importance="High" Text="Code generation complete. Errors: 0. Warnings: 0." />
</Log>